<?xml version="1.0" encoding="utf-8"?>
<prefix name="tinychat" label="Tiny Chat" language_tag="en" language_label="English"><key name="admin_index_form_save_success_message"><value>Chat settings updated</value></key><key name="admin_index_heading"><value>TinyChat Admin Settings</value></key><key name="admin_settings_color_desc"><value>Select chat background color</value></key><key name="admin_settings_color_label"><value>Background Color</value></key><key name="admin_settings_section_label"><value>Chat Settings</value></key><key name="admin_sidebar_menu_label"><value>TinyChat</value></key><key name="block_unauthorized_users"><value>Block unauthorized users</value></key><key name="index_heading"><value>Chat</value></key><key name="index_title"><value>Text/webcam chat - {$site_name}</value></key><key name="main_menu_label"><value>Chat</value></key></prefix>
